# name: ./ExampleOutputs_v1.5//07.segmentByCBS//GM23221_Example.CBS.MQ0.dupdelTh1.1_0.9
# fullname: ./ExampleOutputs_v1.5//07.segmentByCBS//GM23221_Example.CBS.MQ0.dupdelTh1.1_0.9
# segmentationMethod: segment() of DNAcopy v1.44.0
# nbrOfLoci: 9
# nbrOfSegments: 5
# joinSegments: TRUE
# signalType: NA
# sigmaDelta: 0.0215
# createdOn: 2017-11-02 02:46:45 KST
# nbrOfDecimals: 4
# nbrOfColumns: 6
# columnNames: sampleName, chromosome, start, end, nbrOfLoci, mean
# columnClasses: character, numeric, numeric, numeric, integer, numeric
sampleName	chromosome	start	end	nbrOfLoci	mean
NA	6	-Inf	49399399	0	NA
NA	6	49399400	49408001	7	0.9093
NA	6	49408002	70386319	0	NA
NA	6	70386320	70409061	2	0.9765
NA	6	70409062	Inf	0	NA
