# name: ./ExampleOutputs_v1.5//07.segmentByCBS//GM23891_Example.CBS.MQ20.dupdelTh1.1_0.9
# fullname: ./ExampleOutputs_v1.5//07.segmentByCBS//GM23891_Example.CBS.MQ20.dupdelTh1.1_0.9
# segmentationMethod: segment() of DNAcopy v1.44.0
# nbrOfLoci: 20
# nbrOfSegments: 6
# joinSegments: TRUE
# signalType: NA
# sigmaDelta: 0.0115
# createdOn: 2017-11-02 02:46:58 KST
# nbrOfDecimals: 4
# nbrOfColumns: 6
# columnNames: sampleName, chromosome, start, end, nbrOfLoci, mean
# columnClasses: character, numeric, numeric, numeric, integer, numeric
sampleName	chromosome	start	end	nbrOfLoci	mean
NA	6	-Inf	49399399	0	NA
NA	6	49399400	49401300	6	1.0935
NA	6	49401300	49408001	8	0.984
NA	6	49408002	70386319	0	NA
NA	6	70386320	70409061	6	0.9622
NA	6	70409062	Inf	0	NA
