# name: ./ExampleOutputs_v1.5//07.segmentByCBS//GM24007_Example.CBS.MQ0.dupdelTh1.3_0.7
# fullname: ./ExampleOutputs_v1.5//07.segmentByCBS//GM24007_Example.CBS.MQ0.dupdelTh1.3_0.7
# segmentationMethod: segment() of DNAcopy v1.44.0
# nbrOfLoci: 17
# nbrOfSegments: 6
# joinSegments: TRUE
# signalType: NA
# sigmaDelta: 0.0136
# createdOn: 2017-11-02 02:24:12 KST
# nbrOfDecimals: 4
# nbrOfColumns: 6
# columnNames: sampleName, chromosome, start, end, nbrOfLoci, mean
# columnClasses: character, numeric, numeric, numeric, integer, numeric
sampleName	chromosome	start	end	nbrOfLoci	mean
NA	6	-Inf	49399399	0	NA
NA	6	49399400	49401290	4	0.9782
NA	6	49401290	49408001	9	0.9023
NA	6	49408002	70386319	0	NA
NA	6	70386320	70409061	4	1.0693
NA	6	70409062	Inf	0	NA
