# name: ./ExampleOutputs_v1.5//07.segmentByCBS//NA00852_Example.CBS.MQ0.dupdelTh1.3_0.7
# fullname: ./ExampleOutputs_v1.5//07.segmentByCBS//NA00852_Example.CBS.MQ0.dupdelTh1.3_0.7
# segmentationMethod: segment() of DNAcopy v1.44.0
# nbrOfLoci: 21
# nbrOfSegments: 6
# joinSegments: TRUE
# signalType: NA
# sigmaDelta: 0.0110
# createdOn: 2017-11-02 02:24:24 KST
# nbrOfDecimals: 4
# nbrOfColumns: 6
# columnNames: sampleName, chromosome, start, end, nbrOfLoci, mean
# columnClasses: character, numeric, numeric, numeric, integer, numeric
sampleName	chromosome	start	end	nbrOfLoci	mean
NA	6	-Inf	49399399	0	NA
NA	6	49399400	49405570	12	1.061
NA	6	49405570	49408001	3	1.0307
NA	6	49408002	70386319	0	NA
NA	6	70386320	70409061	6	0.9667
NA	6	70409062	Inf	0	NA
