# name: ./ExampleOutputs_v1.5//07.segmentByCBS//GM14603_Example.CBS.MQ0.dupdelTh1.3_0.7
# fullname: ./ExampleOutputs_v1.5//07.segmentByCBS//GM14603_Example.CBS.MQ0.dupdelTh1.3_0.7
# segmentationMethod: segment() of DNAcopy v1.56.0
# nbrOfLoci: 5
# nbrOfSegments: 5
# joinSegments: TRUE
# signalType: NA
# sigmaDelta: 0.0278
# createdOn: 2019-06-26 13:16:40 DST
# nbrOfDecimals: 4
# nbrOfColumns: 6
# columnNames: sampleName, chromosome, start, end, nbrOfLoci, mean
# columnClasses: character, numeric, numeric, numeric, integer, numeric
sampleName	chromosome	start	end	nbrOfLoci	mean
NA	6	-Inf	49399399	0	NA
NA	6	49399400	49408001	4	0.9628
NA	6	49408002	70386319	0	NA
NA	6	70386320	70409061	1	1.345
NA	6	70409062	Inf	0	NA
