# name: ./ExampleOutputs_v1.5//07.segmentByCBS//GM14603_Example.CBS.MQ20.dupdelTh1.1_0.9
# fullname: ./ExampleOutputs_v1.5//07.segmentByCBS//GM14603_Example.CBS.MQ20.dupdelTh1.1_0.9
# segmentationMethod: segment() of DNAcopy v1.56.0
# nbrOfLoci: 1
# nbrOfSegments: 5
# joinSegments: TRUE
# signalType: NA
# sigmaDelta: NA
# createdOn: 2019-06-26 13:16:41 DST
# nbrOfDecimals: 4
# nbrOfColumns: 6
# columnNames: sampleName, chromosome, start, end, nbrOfLoci, mean
# columnClasses: character, numeric, numeric, numeric, integer, numeric
sampleName	chromosome	start	end	nbrOfLoci	mean
NA	6	-Inf	49399399	0	NA
NA	6	49399400	49408001	0	NA
NA	6	49408002	70386319	0	NA
NA	6	70386320	70409061	1	1.337
NA	6	70409062	Inf	0	NA
