# name: ./ExampleOutputs_v1.5//07.segmentByCBS//GM23891_Example.CBS.MQ0.dupdelTh1.3_0.7
# fullname: ./ExampleOutputs_v1.5//07.segmentByCBS//GM23891_Example.CBS.MQ0.dupdelTh1.3_0.7
# segmentationMethod: segment() of DNAcopy v1.56.0
# nbrOfLoci: 18
# nbrOfSegments: 6
# joinSegments: TRUE
# signalType: NA
# sigmaDelta: 0.0073
# createdOn: 2019-06-26 13:17:16 DST
# nbrOfDecimals: 4
# nbrOfColumns: 6
# columnNames: sampleName, chromosome, start, end, nbrOfLoci, mean
# columnClasses: character, numeric, numeric, numeric, integer, numeric
sampleName	chromosome	start	end	nbrOfLoci	mean
NA	6	-Inf	49399399	0	NA
NA	6	49399400	49401310	6	1.0928
NA	6	49401310	49408001	7	0.9803
NA	6	49408002	70386319	0	NA
NA	6	70386320	70409061	5	0.9592
NA	6	70409062	Inf	0	NA
