# name: ./ExampleOutputs_v1.5//07.segmentByCBS//NA00852_Example.CBS.MQ0.dupdelTh1.3_0.7
# fullname: ./ExampleOutputs_v1.5//07.segmentByCBS//NA00852_Example.CBS.MQ0.dupdelTh1.3_0.7
# segmentationMethod: segment() of DNAcopy v1.56.0
# nbrOfLoci: 18
# nbrOfSegments: 5
# joinSegments: TRUE
# signalType: NA
# sigmaDelta: 0.0210
# createdOn: 2019-06-26 13:17:43 DST
# nbrOfDecimals: 4
# nbrOfColumns: 6
# columnNames: sampleName, chromosome, start, end, nbrOfLoci, mean
# columnClasses: character, numeric, numeric, numeric, integer, numeric
sampleName	chromosome	start	end	nbrOfLoci	mean
NA	6	-Inf	49399399	0	NA
NA	6	49399400	49408001	13	1.06
NA	6	49408002	70386319	0	NA
NA	6	70386320	70409061	5	0.954
NA	6	70409062	Inf	0	NA
