# name: ./ExampleOutputs_v1.5//07.segmentByCBS//NA00006_Example.CBS.MQ0.dupdelTh1.1_0.9
# fullname: ./ExampleOutputs_v1.5//07.segmentByCBS//NA00006_Example.CBS.MQ0.dupdelTh1.1_0.9
# segmentationMethod: segment() of DNAcopy v1.56.0
# nbrOfLoci: 18
# nbrOfSegments: 6
# joinSegments: TRUE
# signalType: NA
# sigmaDelta: 0.0094
# createdOn: 2019-06-26 13:17:35 DST
# nbrOfDecimals: 4
# nbrOfColumns: 6
# columnNames: sampleName, chromosome, start, end, nbrOfLoci, mean
# columnClasses: character, numeric, numeric, numeric, integer, numeric
sampleName	chromosome	start	end	nbrOfLoci	mean
NA	6	-Inf	49399399	0	NA
NA	6	49399400	49401290	5	0.9868
NA	6	49401290	49408001	8	1.163
NA	6	49408002	70386319	0	NA
NA	6	70386320	70409061	5	1.0124
NA	6	70409062	Inf	0	NA
